[
  {
    "id": "1430063b-d367-4859-b813-79a3dfa90649",
    "data": [
      {
        "text": "About Tony Stark",
        "userDefined": false
      }
    ],
    "isTemplate": false,
    "count": 0,
    "updated": 0
  },
  {
    "id": "8256012c-8841-476c-a335-a71ef5b24a5e",
    "data": [
      {
        "text": "About Iron Man",
        "userDefined": false
      }
    ],
    "isTemplate": false,
    "count": 0,
    "updated": 0
  },
  {
    "id": "32bd0691-c47f-485f-9d18-081892c9df5b",
    "data": [
      {
        "text": "Iron Man",
        "userDefined": false
      }
    ],
    "isTemplate": false,
    "count": 0,
    "updated": 0
  },
  {
    "id": "81c31f5f-4a26-400e-a52c-9f025912d2ee",
    "data": [
      {
        "text": "Tell me about Iron Man",
        "userDefined": false
      }
    ],
    "isTemplate": false,
    "count": 0,
    "updated": 0
  }
]