[
  {
    "id": "9f35d8eb-2a93-4e0b-aac7-e7e8f4f4494d",
    "data": [
      {
        "text": "I used to read about Pink on Wikipedia",
        "userDefined": false
      }
    ],
    "isTemplate": false,
    "count": 0,
    "updated": 0
  },
  {
    "id": "3b37d890-fb03-41af-bb94-b3699d5b797c",
    "data": [
      {
        "text": "do you find cats funny",
        "userDefined": false
      }
    ],
    "isTemplate": false,
    "count": 0,
    "updated": 0
  },
  {
    "id": "6f0ab029-1fb2-4e82-91ec-2b7a61dd11b2",
    "data": [
      {
        "text": "find a flight from Paris to New York",
        "userDefined": false
      }
    ],
    "isTemplate": false,
    "count": 0,
    "updated": 0
  },
  {
    "id": "d571b8c3-04fd-4cf4-9325-4c0f572445a6",
    "data": [
      {
        "text": "Dialogflow is a part of Google",
        "userDefined": false
      }
    ],
    "isTemplate": false,
    "count": 0,
    "updated": 0
  },
  {
    "id": "107fc197-8ce2-47ba-8295-19fe39858430",
    "data": [
      {
        "text": "do you like kittens",
        "userDefined": false
      }
    ],
    "isTemplate": false,
    "count": 0,
    "updated": 0
  },
  {
    "id": "d746baae-48b8-4b11-9467-0a534d5d29c6",
    "data": [
      {
        "text": "what do you think about puppies",
        "userDefined": false
      }
    ],
    "isTemplate": false,
    "count": 0,
    "updated": 0
  }
]