[
  {
    "id": "2b8f6cd7-bfd9-4b9c-8f2f-c6f60cafcad6",
    "data": [
      {
        "text": "go to fandom.com",
        "alias": "url",
        "meta": "@sys.url",
        "userDefined": false
      }
    ],
    "isTemplate": false,
    "count": 0,
    "updated": 0
  },
  {
    "id": "4046cf31-2833-4fec-87bf-f3d3fd5bb760",
    "data": [
      {
        "text": "go to ",
        "userDefined": false
      },
      {
        "text": "wikipedia",
        "alias": "service",
        "meta": "@search-engine",
        "userDefined": false
      }
    ],
    "isTemplate": false,
    "count": 0,
    "updated": 0
  },
  {
    "id": "65004004-b6fd-477e-9055-1d469cb551d2",
    "data": [
      {
        "text": "go to ",
        "userDefined": false
      },
      {
        "text": "google",
        "alias": "service",
        "meta": "@search-engine",
        "userDefined": false
      }
    ],
    "isTemplate": false,
    "count": 0,
    "updated": 0
  },
  {
    "id": "f4067b1d-bd01-49d0-80f2-1f145917e67c",
    "data": [
      {
        "text": "go to google.com",
        "alias": "url",
        "meta": "@sys.url",
        "userDefined": false
      }
    ],
    "isTemplate": false,
    "count": 0,
    "updated": 0
  },
  {
    "id": "a0a2df22-fe64-4fed-920f-68f3c0dcaaa3",
    "data": [
      {
        "text": "browse youtube.com",
        "alias": "url",
        "meta": "@sys.url",
        "userDefined": false
      }
    ],
    "isTemplate": false,
    "count": 0,
    "updated": 0
  },
  {
    "id": "a99b10a3-9878-451d-b682-a90efc8063c7",
    "data": [
      {
        "text": "find ",
        "userDefined": false
      },
      {
        "text": "Newton laws",
        "alias": "q",
        "meta": "@sys.any",
        "userDefined": true
      },
      {
        "text": " in the web",
        "userDefined": false
      }
    ],
    "isTemplate": false,
    "count": 0,
    "updated": 0
  },
  {
    "id": "1169e39c-21b8-489f-a51d-57cd53d46284",
    "data": [
      {
        "text": "find ",
        "userDefined": false
      },
      {
        "text": "funny cats",
        "alias": "q",
        "meta": "@sys.any",
        "userDefined": true
      }
    ],
    "isTemplate": false,
    "count": 0,
    "updated": 0
  },
  {
    "id": "7b5fcd74-1613-4c5c-a6cf-1fce361fa4ea",
    "data": [
      {
        "text": "google",
        "alias": "service",
        "meta": "@search-engine",
        "userDefined": true
      },
      {
        "text": " a ",
        "userDefined": false
      },
      {
        "text": "recipe for tomato soup",
        "alias": "q",
        "meta": "@sys.any",
        "userDefined": true
      }
    ],
    "isTemplate": false,
    "count": 0,
    "updated": 0
  },
  {
    "id": "813ac9c7-b0ec-417e-b3eb-4f049490b2c0",
    "data": [
      {
        "text": "google",
        "alias": "service",
        "meta": "@search-engine",
        "userDefined": true
      },
      {
        "text": " ",
        "userDefined": false
      },
      {
        "text": "David Bowie",
        "alias": "q",
        "meta": "@sys.any",
        "userDefined": true
      }
    ],
    "isTemplate": false,
    "count": 1,
    "updated": 0
  },
  {
    "id": "2b036a66-8255-40a9-8d45-418a4f390a02",
    "data": [
      {
        "text": "find information about ",
        "userDefined": false
      },
      {
        "text": "Madonna",
        "alias": "q",
        "meta": "@sys.any",
        "userDefined": true
      }
    ],
    "isTemplate": false,
    "count": 0,
    "updated": 0
  },
  {
    "id": "90606897-43cc-410c-b2d8-cff5be231c9b",
    "data": [
      {
        "text": "Google",
        "alias": "service",
        "meta": "@search-engine",
        "userDefined": true
      },
      {
        "text": " ",
        "userDefined": false
      },
      {
        "text": "who is the president of the United States",
        "alias": "q",
        "meta": "@sys.any",
        "userDefined": true
      }
    ],
    "isTemplate": false,
    "count": 0,
    "updated": 0
  },
  {
    "id": "e169bb08-f927-42fb-9274-accbdcde3624",
    "data": [
      {
        "text": "search",
        "userDefined": false
      }
    ],
    "isTemplate": false,
    "count": 0,
    "updated": 0
  },
  {
    "id": "a1aeeb2a-3a35-493b-bf4c-39b573161957",
    "data": [
      {
        "text": "web search",
        "userDefined": false
      }
    ],
    "isTemplate": false,
    "count": 0,
    "updated": 0
  },
  {
    "id": "01e7070e-bdde-4d99-acdf-6e8dfa9ab14e",
    "data": [
      {
        "text": "find ",
        "userDefined": false
      },
      {
        "text": "apple pie recipes",
        "alias": "q",
        "meta": "@sys.any",
        "userDefined": true
      }
    ],
    "isTemplate": false,
    "count": 0,
    "updated": 0
  },
  {
    "id": "6e3bf007-907c-4f10-b264-0d912d740cf2",
    "data": [
      {
        "text": "search ",
        "userDefined": false
      },
      {
        "text": "how to build a house",
        "alias": "q",
        "meta": "@sys.any",
        "userDefined": true
      }
    ],
    "isTemplate": false,
    "count": 0,
    "updated": 0
  },
  {
    "id": "117e0099-2654-423b-a55e-93ccaa9a987a",
    "data": [
      {
        "text": "find ",
        "userDefined": false
      },
      {
        "text": "Lady Gaga\u0027s husband",
        "alias": "q",
        "meta": "@sys.any",
        "userDefined": true
      },
      {
        "text": " on the Internet",
        "userDefined": false
      }
    ],
    "isTemplate": false,
    "count": 0,
    "updated": 0
  },
  {
    "id": "0e0246d3-abbf-43a9-9072-940ce10b5f75",
    "data": [
      {
        "text": "can you find information",
        "userDefined": false
      }
    ],
    "isTemplate": false,
    "count": 0,
    "updated": 0
  },
  {
    "id": "542292ec-c3c6-4934-a01f-880eb477aceb",
    "data": [
      {
        "text": "find ",
        "userDefined": false
      },
      {
        "text": "Pink\u0027s biography",
        "alias": "q",
        "meta": "@sys.any",
        "userDefined": true
      },
      {
        "text": " on ",
        "userDefined": false
      },
      {
        "text": "Wikipedia",
        "alias": "service",
        "meta": "@search-engine",
        "userDefined": true
      }
    ],
    "isTemplate": false,
    "count": 0,
    "updated": 0
  },
  {
    "id": "a71a88a7-ad60-4af4-93ca-228d343abffc",
    "data": [
      {
        "text": "look up ",
        "userDefined": false
      },
      {
        "text": "Monty Python",
        "alias": "q",
        "meta": "@sys.any",
        "userDefined": true
      }
    ],
    "isTemplate": false,
    "count": 0,
    "updated": 0
  },
  {
    "id": "1bf4fcf5-e2e1-48c7-8523-45fe296622a5",
    "data": [
      {
        "text": "find ",
        "userDefined": false
      },
      {
        "text": "Metropolitan Museum",
        "alias": "q",
        "meta": "@sys.any",
        "userDefined": true
      },
      {
        "text": " on ",
        "userDefined": false
      },
      {
        "text": "Wikipedia",
        "alias": "service",
        "meta": "@search-engine",
        "userDefined": true
      }
    ],
    "isTemplate": false,
    "count": 0,
    "updated": 0
  },
  {
    "id": "2f1a6b40-8604-4387-a5d6-aef79769bfe1",
    "data": [
      {
        "text": "search for ",
        "userDefined": false
      },
      {
        "text": "popular wallpapers",
        "alias": "q",
        "meta": "@sys.any",
        "userDefined": true
      },
      {
        "text": " on ",
        "userDefined": false
      },
      {
        "text": "Yahoo",
        "alias": "service",
        "meta": "@search-engine",
        "userDefined": true
      }
    ],
    "isTemplate": false,
    "count": 0,
    "updated": 0
  },
  {
    "id": "77d48263-dabf-4f01-9c1d-89a8e1debba5",
    "data": [
      {
        "text": "search the Internet",
        "userDefined": false
      }
    ],
    "isTemplate": false,
    "count": 0,
    "updated": 0
  }
]