[
  {
    "id": "f9330591-2570-4d2d-9057-664442a4b305",
    "data": [
      {
        "text": "dogs",
        "alias": "q",
        "meta": "@sys.any",
        "userDefined": false
      },
      {
        "text": " as ",
        "userDefined": false
      },
      {
        "text": "well",
        "meta": "@sys.ignore",
        "userDefined": false
      }
    ],
    "isTemplate": false,
    "count": 0,
    "updated": 0
  },
  {
    "id": "cca52a8d-c8ff-4448-9932-36d699aaeb4f",
    "data": [
      {
        "text": "now",
        "meta": "@sys.ignore",
        "userDefined": false
      },
      {
        "text": " ",
        "userDefined": false
      },
      {
        "text": "kittens",
        "alias": "q",
        "meta": "@sys.any",
        "userDefined": true
      }
    ],
    "isTemplate": false,
    "count": 0,
    "updated": 0
  },
  {
    "id": "6655cddc-3814-4728-a684-42807af20171",
    "data": [
      {
        "text": "how about ",
        "userDefined": false
      },
      {
        "text": "apple pie recipes",
        "alias": "q",
        "meta": "@sys.any",
        "userDefined": true
      }
    ],
    "isTemplate": false,
    "count": 0,
    "updated": 0
  },
  {
    "id": "a58a09b6-2c07-4f32-a9bc-a63bdc3fdc3e",
    "data": [
      {
        "text": "what about ",
        "userDefined": false
      },
      {
        "text": "puppies",
        "alias": "q",
        "meta": "@sys.any",
        "userDefined": false
      },
      {
        "text": " ",
        "userDefined": false
      },
      {
        "text": "now",
        "meta": "@sys.ignore",
        "userDefined": false
      }
    ],
    "isTemplate": false,
    "count": 0,
    "updated": 0
  },
  {
    "id": "b028c182-9cd7-4f5c-a222-543e2ecb05b1",
    "data": [
      {
        "text": "now for ",
        "userDefined": false
      },
      {
        "text": "tables",
        "alias": "q",
        "meta": "@sys.any",
        "userDefined": true
      }
    ],
    "isTemplate": false,
    "count": 0,
    "updated": 0
  }
]